티커,종목명,시가,종가,변동폭,등락률,거래량,거래대금
095570,AJ네트웍스,3950,3980,30,0.76,41999,165312760
006840,AK홀딩스,31150,31100,-50,-0.16,48438,1498361250
027410,BGF,5790,5900,110,1.9,628775,3688461130
282330,BGF리테일,166000,168000,2000,1.2,37860,6201295500
138930,BNK금융지주,6390,6260,-130,-2.03,2501543,15841501900
001460,BYC,364500,363000,-1500,-0.41,442,159370000
001465,BYC우,160000,160000,0,0.0,128,20262500
001040,CJ,92400,91500,-900,-0.97,70744,6474132100
079160,CJCGV,28250,28000,-250,-0.88,297960,8260643800
00104K,CJ4우전환,71800,71200,-600,-0.84,7449,527792600
000120,CJ대한통운,170500,167000,-3500,-2.05,55587,9324657500
011150,CJ씨푸드,4315,4360,45,1.04,325546,1429611690
011155,CJ씨푸드1우,33250,32900,-350,-1.05,523,17399750
001045,CJ우,54300,53400,-900,-1.66,2013,107795200
097950,CJ제일제당,415000,410000,-5000,-1.2,36414,14822349500
097955,CJ제일제당우,186000,183000,-3000,-1.61,7070,1281174000
000590,CS홀딩스,58400,58700,300,0.51,2934,171796100
012030,DB,885,871,-14,-1.58,1260302,1091410097
016610,DB금융투자,5850,5800,-50,-0.85,96254,555675310
005830,DB손해보험,42400,43500,1100,2.59,364946,15725311800
000990,DB하이텍,53900,53600,-300,-0.56,1267242,66559193700
000995,DB하이텍1우,96900,95300,-1600,-1.65,936,87993300
139130,DGB금융지주,7580,7520,-60,-0.79,1580776,11971596060
001530,DI동일,157000,147000,-10000,-6.37,62237,9112009000
000210,DL,80300,78300,-2000,-2.49,341200,26650822800
000215,DL우,40350,39600,-750,-1.86,4136,163242150
375500,DL이앤씨,111500,109500,-2000,-1.79,266673,29049269000
37550K,DL이앤씨우,68800,68200,-600,-0.87,14223,969966600
004840,DRB동일,7000,7030,30,0.43,29008,202662770
155660,DSR,5420,5380,-40,-0.74,71453,381252250
069730,DSR제강,5340,5460,120,2.25,406476,2188120140
017940,E1,40300,40750,450,1.12,19480,797522500
365550,ESR켄달스퀘어리츠,5840,5840,0,0.0,302684,1767868140
007700,FF,139500,138000,-1500,-1.08,85047,11683081500
114090,GKL,17050,17250,200,1.17,1126600,19278803850
078930,GS,38850,38550,-300,-0.77,451865,17491411500
006360,GS건설,36450,36000,-450,-1.23,549052,19664860950
001250,GS글로벌,2275,2275,0,0.0,414958,932936365
007070,GS리테일,37450,37350,-100,-0.27,374191,14007055500
078935,GS우,31200,31150,-50,-0.16,5499,171322150
012630,HDC,10950,10850,-100,-0.91,238040,2566227750
039570,HDC아이콘트롤스,9600,9920,320,3.33,39037,379208670
089470,HDC현대EP,6190,6110,-80,-1.29,134022,810399370
294870,HDC현대산업개발,26400,25800,-600,-2.27,489970,12547692850
011200,HMM,20300,21950,1650,8.13,22893847,490962066750
082740,HSD엔진,6980,7120,140,2.01,694895,4841343370
003560,IHQ,1895,1970,75,3.96,4670069,9126071710
175330,JB금융지주,6060,6020,-40,-0.66,551962,3342645790
234080,JW생명과학,20400,20400,0,0.0,107054,2143204500
001060,JW중외제약,29500,29200,-300,-1.02,33286,970984950
001067,JW중외제약2우B,57500,58000,500,0.87,45,2608500
001065,JW중외제약우,28700,28750,50,0.17,660,19102250
096760,JW홀딩스,4920,4950,30,0.61,55030,269613680
105560,KB금융,45800,47000,1200,2.62,4056148,189710921200
002380,KCC,203000,201000,-2000,-0.99,29781,5951734000
009070,KCTC,8500,9360,860,10.12,19824954,186597968340
009440,KC그린홀딩스,4310,4245,-65,-1.51,90841,381403935
119650,KC코트렐,8200,7970,-230,-2.8,232544,1838911460
092220,KEC,2440,2370,-70,-2.87,3126172,7269900910
016380,KG동부제철,12300,12300,0,0.0,268953,3243398550
016385,KG동부제철우,99400,99300,-100,-0.1,160,15828500
001390,KG케미칼,26450,25850,-600,-2.27,247946,6361253050
001940,KISCO홀딩스,14800,14900,100,0.68,10454,155249350
025000,KPX케미칼,61800,61000,-800,-1.29,7090,430622900
092230,KPX홀딩스,56400,55900,-500,-0.89,8023,449869300
000040,KR모터스,1300,1325,25,1.92,3848751,5029103725
044450,KSS해운,10700,11150,450,4.21,499858,5480516250
030200,KT,26300,26000,-300,-1.14,1152304,29893126850
033780,KTG,79400,79700,300,0.38,442752,35168585100
030210,KTB투자증권,4370,4275,-95,-2.17,340546,1444489720
058850,KTcs,2935,3005,70,2.39,8137871,24596178285
058860,KTis,2780,2815,35,1.26,385076,1080580360
093050,LF,16100,15950,-150,-0.93,90564,1442360550
003550,LG,92000,90800,-1200,-1.3,387743,35107041200
034220,LG디스플레이,22700,22500,-200,-0.88,3385112,75018848850
001120,LG상사,27500,27000,-500,-1.82,195413,5264027700
051900,LG생활건강,1496000,1511000,15000,1.0,39195,58309578395
051905,LG생활건강우,705000,699000,-6000,-0.85,5636,3947346960
003555,LG우,66100,66000,-100,-0.15,13746,901571000
032640,LG유플러스,11850,11700,-150,-1.27,3101815,36204248450
011070,LG이노텍,211000,207500,-3500,-1.66,204028,41825988500
066570,LG전자,146000,148500,2500,1.71,1479199,215538781500
066575,LG전자우,70300,69600,-700,-1.0,232033,15891352100
108670,LG하우시스,74200,72600,-1600,-2.16,49932,3653532700
108675,LG하우시스우,34300,33800,-500,-1.46,4820,162506650
037560,LG헬로비전,4620,4570,-50,-1.08,354326,1608744645
051910,LG화학,865000,904000,39000,4.51,548940,489931500536
051915,LG화학우,400000,411000,11000,2.75,53061,21456611500
079550,LIG넥스원,37550,36900,-650,-1.73,103486,3796634300
006260,LS,68100,66300,-1800,-2.64,230977,15209791200
010120,LSELECTRIC,56200,55100,-1100,-1.96,174125,9529764200
000680,LS네트웍스,2720,2715,-5,-0.18,66543,179560050
229640,LS전선아시아,7290,7400,110,1.51,261111,1935725160
023150,MH에탄올,7900,8400,500,6.33,235793,1956542450
035420,NAVER,391500,377500,-14000,-3.58,1594386,599799491864
181710,NHN,69000,68400,-600,-0.87,42312,2890414000
005940,NH투자증권,11250,11050,-200,-1.78,813615,8939156700
005945,NH투자증권우,8560,8530,-30,-0.35,60037,511270310
338100,NH프라임리츠,4210,4215,5,0.12,24348,102331470
034310,NICE,17450,17450,0,0.0,45435,794945050
008260,NI스틸,3490,3575,85,2.44,732319,2571677170
004250,NPC,4280,4165,-115,-2.69,672568,2820828050
004255,NPC우,2460,2475,15,0.61,2766,6797715
010060,OCI,127000,137500,10500,8.27,1004283,132388714500
005490,POSCO,309000,314500,5500,1.78,906590,281259025500
100840,STC,16200,16100,-100,-0.62,21111,337175750
064960,ST모티브,64400,63100,-1300,-2.02,50058,3131595100
003570,ST중공업,7500,7480,-20,-0.27,62961,463762120
036530,ST홀딩스,18100,18150,50,0.28,20557,371966500
010950,S-Oil,86600,86800,200,0.23,695646,60980253200
010955,S-Oil우,47100,47550,450,0.96,16641,794542900
034120,SBS,22950,23150,200,0.87,89564,2047722800
101060,SBS미디어홀딩스,1925,1970,45,2.34,166038,326275410
005090,SGC에너지,38150,38900,750,1.97,102451,3929948700
004060,SG세계물산,710,699,-11,-1.55,1507474,1056045328
001380,SG충방,2540,2550,10,0.39,501474,1282401760
002360,SH에너지화학,944,946,2,0.21,56702273,58869972183
009160,SIMPAC,3380,3355,-25,-0.74,217923,729242145
123700,SJM,4085,4085,0,0.0,25385,103165285
025530,SJM홀딩스,3525,3535,10,0.28,4483,15759105
034730,SK,273000,265500,-7500,-2.75,448632,118586180000
011790,SKC,118000,114000,-4000,-3.39,398414,45307652500
018670,SK가스,95200,95500,300,0.32,11936,1132372700
001740,SK네트웍스,5500,5360,-140,-2.55,846678,4548199570
001745,SK네트웍스우,106500,105000,-1500,-1.41,136,14380000
006120,SK디스커버리,60300,59800,-500,-0.83,125834,7476720700
006125,SK디스커버리우,49500,49900,400,0.81,14275,706840750
210980,SK디앤디,36700,36400,-300,-0.82,37172,1338098850
068400,SK렌터카,11250,10950,-300,-2.67,218948,2386196900
326030,SK바이오팜,110500,109500,-1000,-0.9,760269,82148565500
03473K,SK우,247500,241000,-6500,-2.63,5913,1424216000
096770,SK이노베이션,264000,252000,-12000,-4.55,1331646,337684793000
096775,SK이노베이션우,191000,184000,-7000,-3.66,24085,4452907500
001510,SK증권,856,852,-4,-0.47,2547819,2152950427
001515,SK증권우,4605,4540,-65,-1.41,22767,103481840
285130,SK케미칼,315500,315000,-500,-0.16,415749,129766551000
28513K,SK케미칼우,156000,160000,4000,2.56,44688,6999924500
017670,SK텔레콤,246500,244000,-2500,-1.01,266394,64965441500
000660,SK하이닉스,142000,140000,-2000,-1.41,6091444,844271259500
005610,SPC삼립,72200,71600,-600,-0.83,8389,597950000
011810,STX,5390,5560,170,3.15,53915,300414550
077970,STX엔진,6690,6640,-50,-0.75,9474,62753380
071970,STX중공업,3255,3290,35,1.08,114966,371753605
084870,TBH글로벌,1680,1680,0,0.0,31827,53423650
002710,TCC스틸,4360,4210,-150,-3.44,293451,1229647680
024070,WISCOM,3605,3495,-110,-3.05,116173,404919035
037270,YGPLUS,6230,6410,180,2.89,1491650,9435400500
000500,가온전선,20700,20400,-300,-1.45,13134,265795400
000860,강남제비스코,24250,25300,1050,4.33,117827,2959719150
035250,강원랜드,26100,26200,100,0.38,1803161,47019653550
011420,갤럭시아에스엠,1535,1540,5,0.33,169928,258978900
002100,경농,13350,13700,350,2.62,226820,3076050650
009450,경동나비엔,50200,49700,-500,-1.0,48505,2389573850
267290,경동도시가스,18950,19000,50,0.26,12547,238103100
012320,경동인베스트,34100,33800,-300,-0.88,3634,122080000
000050,경방,12650,12750,100,0.79,34415,434842800
214390,경보제약,12750,12600,-150,-1.18,114828,1426501350
012610,경인양행,6780,6690,-90,-1.33,203679,1355222310
009140,경인전자,29700,30250,550,1.85,7020,208400850
013580,계룡건설,27850,27650,-200,-0.72,46796,1271680900
012200,계양전기,4570,4530,-40,-0.88,182999,824457295
012205,계양전기우,6950,6940,-10,-0.14,2797,19284890
002140,고려산업,3990,3925,-65,-1.63,89067,351218310
010130,고려아연,408000,407000,-1000,-0.25,42589,17247817500
002240,고려제강,16500,16350,-150,-0.91,120531,1945723350
009290,광동제약,8800,8810,10,0.11,132090,1157388260
017040,광명전기,2520,2555,35,1.39,2527905,6434281685
017900,광전자,2470,2355,-115,-4.66,567563,1337024885
037710,광주신세계,161000,160500,-500,-0.31,1505,240492500
030610,교보증권,7310,7350,40,0.55,43564,318069910
339770,교촌에프앤비,17450,17350,-100,-0.57,58736,1017094600
007690,국도화학,55200,55000,-200,-0.36,29779,1615929400
005320,국동,4100,4085,-15,-0.37,294044,1195078455
001140,국보,2045,2025,-20,-0.98,392276,794700660
002720,국제약품,8160,8190,30,0.37,161057,1340234600
083420,그린케미칼,12750,12350,-400,-3.14,249173,3060274450
014530,극동유화,3420,3475,55,1.61,9357968,35026187200
014280,금강공업,5000,4880,-120,-2.4,143022,693666730
014285,금강공업우,10700,10350,-350,-3.27,1965,20341950
008870,금비,66700,66700,0,0.0,1125,74650400
001570,금양,4750,4770,20,0.42,178275,840363385
002990,금호산업,9020,9000,-20,-0.22,105313,946155550
002995,금호산업우,30600,30150,-450,-1.47,905,27337000
011780,금호석유,230500,234000,3500,1.52,639730,149458458000
011785,금호석유우,86200,87600,1400,1.62,74633,6569829100
214330,금호에이치티,2325,2290,-35,-1.51,2029948,4648054200
001210,금호전기,2735,2745,10,0.37,56508,151639830
073240,금호타이어,3985,3950,-35,-0.88,518920,2025791620
092440,기신정기,3910,3885,-25,-0.64,75299,291669095
000270,기아차,78700,81100,2400,3.05,6108817,489739064800
024110,기업은행,8580,8650,70,0.82,3800549,32959996850
013700,까뮤이앤씨,3440,3360,-80,-2.33,2371323,7946103330
004540,깨끗한나라,4060,4000,-60,-1.48,106635,424196585
004545,깨끗한나라우,17900,17350,-550,-3.07,3259,56871600
001260,남광토건,13600,13050,-550,-4.04,67116,874651550
008350,남선알미늄,4400,4345,-55,-1.25,1208440,5219651100
008355,남선알미우,39100,38900,-200,-0.51,1293,50273350
004270,남성,3670,4175,505,13.76,17062358,68871124935
003920,남양유업,296500,295000,-1500,-0.51,1140,336142000
003925,남양유업우,180000,181500,1500,0.83,230,40755000
025860,남해화학,8690,8630,-60,-0.69,152310,1308601970
005720,넥센,4700,4660,-40,-0.85,91184,423676040
005725,넥센우,2925,2865,-60,-2.05,35341,100351335
002350,넥센타이어,8120,7950,-170,-2.09,250703,1984904200
002355,넥센타이어1우B,2890,2900,10,0.35,2107,6116300
003580,넥스트사이언스,4040,4090,50,1.24,309956,1257364155
251270,넷마블,125000,122500,-2500,-2.0,193535,23591701500
090350,노루페인트,9470,9370,-100,-1.06,79101,743036580
090355,노루페인트우,12400,12300,-100,-0.81,3437,42736700
000320,노루홀딩스,11850,11800,-50,-0.42,30188,349502900
000325,노루홀딩스우,16500,15600,-900,-5.45,1675,26259000
006280,녹십자,361000,374500,13500,3.74,303804,114017926500
005250,녹십자홀딩스,37100,37250,150,0.4,440325,16444373500
005257,녹십자홀딩스2우,88000,87100,-900,-1.02,1616,142725800
004370,농심,276000,273500,-2500,-0.91,19027,5203355500
072710,농심홀딩스,73900,74100,200,0.27,4523,333521300
058730,다스코,5000,4970,-30,-0.6,26707,132397575
023590,다우기술,26200,26150,-50,-0.19,236721,6098102650
019680,대교,3920,3940,20,0.51,134864,526580115
019685,대교우B,2550,2545,-5,-0.2,9735,24679370
006370,대구백화점,9150,9040,-110,-1.2,10729,97741300
008060,대덕,6830,6760,-70,-1.02,150295,1012636160
00806K,대덕1우,8000,8000,0,0.0,11516,91381880
353200,대덕전자,15100,14900,-200,-1.32,618318,9168114150
35320K,대덕전자1우,9240,9200,-40,-0.43,11915,108593940
000490,대동공업,8190,8040,-150,-1.83,174879,1396124930
008110,대동전자,5550,5520,-30,-0.54,21479,118428480
005750,대림BCo,5420,5380,-40,-0.74,14722,78741040
001880,대림건설,29600,29500,-100,-0.34,87977,2550022300
006570,대림통상,3905,3835,-70,-1.79,23790,90571140
001680,대상,25000,25150,150,0.6,146346,3626861850
001685,대상우,17800,17700,-100,-0.56,4300,75067950
084690,대상홀딩스,9760,9700,-60,-0.61,98521,951059240
084695,대상홀딩스우,8220,8230,10,0.12,3583,29246670
128820,대성산업,3535,3870,335,9.48,7091592,28715419465
117580,대성에너지,5230,5200,-30,-0.57,258825,1376713750
016710,대성홀딩스,26650,26900,250,0.94,51761,1381311600
003540,대신증권,14950,15050,100,0.67,213353,3145417150
003547,대신증권2우B,10450,10550,100,0.96,86241,904376550
003545,대신증권우,11150,11300,150,1.35,211506,2358962500
009190,대양금속,3875,3820,-55,-1.42,318972,1209595525
014160,대영포장,2835,2750,-85,-3.0,14398464,40840761105
047040,대우건설,5670,5550,-120,-2.12,2863102,15828045680
009320,대우부품,2755,2765,10,0.36,372358,1015532565
042660,대우조선해양,25100,24850,-250,-1.0,146921,3633749800
003090,대웅,35700,34600,-1100,-3.08,336904,11612588750
069620,대웅제약,130500,128500,-2000,-1.53,87052,11090692000
000430,대원강업,4195,4155,-40,-0.95,321090,1319361850
006340,대원전선,1570,1595,25,1.59,1369075,2140512460
006345,대원전선우,2550,2555,5,0.2,5974,15246120
003220,대원제약,16600,16200,-400,-2.41,95798,1553282100
024890,대원화성,1845,1825,-20,-1.08,188112,340893415
002880,대유에이텍,1165,1225,60,5.15,7181322,8533966760
000300,대유플러스,825,814,-11,-1.33,674818,547530199
012800,대창,2045,1990,-55,-2.69,5711845,11342452785
015230,대창단조,6500,6540,40,0.62,31992,208431940
001070,대한방직,39850,39800,-50,-0.13,2041,81139250
006650,대한유화,346000,351500,5500,1.59,76818,26981196000
001440,대한전선,945,964,19,2.01,23587614,22368890939
084010,대한제강,13600,13300,-300,-2.21,296346,3899318500
001790,대한제당,22800,22350,-450,-1.97,18035,405114000
001795,대한제당우,17150,17450,300,1.75,37425,652430800
001130,대한제분,144000,142500,-1500,-1.04,6307,893437500
003490,대한항공,28050,27700,-350,-1.25,1236410,33999854000
003495,대한항공우,40050,39450,-600,-1.5,9501,370969550
005880,대한해운,3280,3440,160,4.88,42116076,146510917995
003830,대한화섬,113500,115500,2000,1.76,453,52381500
016090,대현,2110,2070,-40,-1.9,179971,370295540
069460,대호에이엘,2340,2460,120,5.13,1381574,3359831045
192080,더블유게임즈,56000,55700,-300,-0.54,48234,2671790500
012510,더존비즈온,105500,104500,-1000,-0.95,86028,8921132000
004830,덕성,10900,9850,-1050,-9.63,11138169,113103282010
004835,덕성우,18650,15700,-2950,-15.82,160554,2535040050
024900,덕양산업,3300,3195,-105,-3.18,399444,1269745065
145720,덴티움,60100,61900,1800,3.0,116629,7057674200
002150,도화엔지니어링,8210,8150,-60,-0.73,39177,317375600
001230,동국제강,9400,9820,420,4.47,2663764,25344645880
023450,동남합성,47200,46700,-500,-1.06,2854,134094100
004140,동방,10550,11100,550,5.21,11723460,127573348900
007590,동방아그로,6680,6690,10,0.15,15512,103490160
005960,동부건설,12050,12050,0,0.0,104016,1248567350
005965,동부건설우,22000,22050,50,0.23,381,8422950
026960,동서,40650,33550,-7100,-17.47,2281358,78950771500
002210,동성제약,12650,12600,-50,-0.4,177019,2211899850
102260,동성코퍼레이션,4955,4930,-25,-0.5,74205,363363375
005190,동성화학,16100,16100,0,0.0,9304,149090400
000640,동아쏘시오홀딩스,110000,107000,-3000,-2.73,21344,2293639000
170900,동아에스티,82800,82800,0,0.0,21655,1784294500
028100,동아지질,16450,16100,-350,-2.13,79409,1277792900
282690,동아타이어,10450,10450,0,0.0,22294,230140700
001520,동양,1235,1245,10,0.81,749344,922824815
001527,동양2우B,11700,11500,-200,-1.71,126,1422050
001529,동양3우B,24400,24850,450,1.84,463,11274900
084670,동양고속,23450,23450,0,0.0,3489,81716700
002900,동양물산,1530,1515,-15,-0.98,1835931,2749671590
082640,동양생명,4170,4220,50,1.2,320880,1354215365
001525,동양우,6690,6620,-70,-1.05,0,0
008970,동양철관,1320,1305,-15,-1.14,2103396,2716955885
092780,동양피스톤,6000,5920,-80,-1.33,49898,293082690
049770,동원FB,202000,199500,-2500,-1.24,7835,1558393500
018500,동원금속,1125,1195,70,6.22,12120072,14614304505
006040,동원산업,258500,252500,-6000,-2.32,3004,756844000
030720,동원수산,8830,8830,0,0.0,48881,431137600
014820,동원시스템즈,47900,47500,-400,-0.84,73169,3416890950
014825,동원시스템즈우,31500,31250,-250,-0.79,1493,46757700
163560,동일고무벨트,8860,8830,-30,-0.34,27300,241947220
004890,동일산업,78000,78500,500,0.64,1361,106504400
002690,동일제강,3465,3355,-110,-3.17,1230758,4170545290
000020,동화약품,13750,13950,200,1.45,187692,2577829700
000150,두산,47850,47750,-100,-0.21,37387,1762737500
000157,두산2우B,54900,54500,-400,-0.73,113,6156300
241560,두산밥캣,33600,32950,-650,-1.93,262096,8618234550
000155,두산우,37900,37350,-550,-1.45,8147,304675400
042670,두산인프라코어,7960,7890,-70,-0.88,1181065,9258570910
034020,두산중공업,11150,10800,-350,-3.14,1684871,18204432050
336260,두산퓨얼셀,53700,51800,-1900,-3.54,802150,41328948800
33626K,두산퓨얼셀1우,15850,15200,-650,-4.1,128099,1942399900
33626L,두산퓨얼셀2우B,18750,18400,-350,-1.87,15040,275290600
016740,두올,5200,5150,-50,-0.96,2054296,10451603780
192650,드림텍,9240,9060,-180,-1.95,346102,3127060930
024090,디씨엠,12700,12800,100,0.79,15057,191793200
003160,디아이,6240,6410,170,2.72,667138,4268867890
092200,디아이씨,3225,3160,-65,-2.02,350907,1099920695
013570,디와이,6060,5930,-130,-2.15,338590,2001914760
210540,디와이파워,15700,15350,-350,-2.23,160148,2435683150
007340,디티알오토모티브,28550,28350,-200,-0.7,20125,567671500
026890,디피씨,11350,11100,-250,-2.2,840822,9335185150
115390,락앤락,14750,14850,100,0.68,163759,2434744900
032350,롯데관광개발,20550,20700,150,0.73,951828,19280714950
330590,롯데리츠,4905,4885,-20,-0.41,497705,2430630295
000400,롯데손해보험,1685,1685,0,0.0,315629,528843765
023530,롯데쇼핑,129500,128000,-1500,-1.16,180214,23087019500
004000,롯데정밀화학,51800,51300,-500,-0.97,68955,3512267100
286940,롯데정보통신,39150,39300,150,0.38,31643,1226569850
280360,롯데제과,123000,123000,0,0.0,9047,1104048000
004990,롯데지주,33300,32800,-500,-1.5,134245,4394870550
00499K,롯데지주우,57700,57900,200,0.35,153,8820900
005300,롯데칠성,126500,125500,-1000,-0.79,34931,4396457000
005305,롯데칠성우,63000,62800,-200,-0.32,1010,62623600
011170,롯데케미칼,321000,322000,1000,0.31,275487,88037519500
002270,롯데푸드,384000,387500,3500,0.91,3217,1237757500
071840,롯데하이마트,37600,37600,0,0.0,50835,1889633550
027740,마니커,704,705,1,0.14,1439748,1007603297
204320,만도,63900,62900,-1000,-1.56,502833,31161371200
001080,만호제강,18450,18250,-200,-1.08,5262,95906300
088980,맥쿼리인프라,11150,11100,-50,-0.45,600483,6682784950
094800,맵스리얼티1,4055,4065,10,0.25,107064,434957240
138040,메리츠금융지주,12500,12500,0,0.0,260872,3220567550
008560,메리츠증권,4020,4050,30,0.75,3144246,12573274385
000060,메리츠화재,16750,17050,300,1.79,1233139,21239643850
090370,메타랩스,1010,997,-13,-1.29,174515,173043440
017180,명문제약,5500,5550,50,0.91,375024,2032010560
009900,명신산업,30200,29500,-700,-2.32,316360,9272670550
012690,모나리자,4430,4385,-45,-1.02,93061,408093265
005360,모나미,4725,4665,-60,-1.27,311548,1462170415
204210,모두투어리츠,3140,3105,-35,-1.11,4260,13210245
009680,모토닉,13200,13150,-50,-0.38,105807,1374251950
009580,무림PP,5790,5740,-50,-0.86,293560,1675452060
009200,무림페이퍼,2995,2985,-10,-0.33,104981,308354175
033920,무학,6890,6870,-20,-0.29,16393,112443180
008420,문배철강,3730,3800,70,1.88,1284085,4785432970
025560,미래산업,3200,3200,0,0.0,155036,488983405
007120,미래아이앤지,557,555,-2,-0.36,2033768,1111455891
006800,미래에셋대우,9460,9370,-90,-0.95,1688476,15760146570
00680K,미래에셋대우2우B,4375,4340,-35,-0.8,229347,996832160
006805,미래에셋대우우,4905,4900,-5,-0.1,16940,82615795
357250,미래에셋맵스리츠,4750,4745,-5,-0.11,45928,216458965
085620,미래에셋생명,4035,4040,5,0.12,375223,1510609160
002840,미원상사,159000,158000,-1000,-0.63,3157,500156000
268280,미원에스씨,118000,117000,-1000,-0.85,1308,152066000
107590,미원홀딩스,76500,76200,-300,-0.39,3467,264532100
134380,미원화학,61500,61500,0,0.0,450,27641200
003650,미창석유,68800,69400,600,0.87,60336,4530881900
155900,바다로19호,2350,2360,10,0.43,5891,13841540
003610,방림,2045,2215,170,8.31,1862024,4001016450
001340,백광산업,3650,3700,50,1.37,434544,1566909495
035150,백산,7300,7780,480,6.58,851782,6517099600
002410,범양건영,5550,5490,-60,-1.08,805166,4374332870
096300,베트남개발1,229,229,0,0.0,119731,27397851
007210,벽산,2440,2410,-30,-1.23,196115,470805265
002760,보락,2160,2150,-10,-0.46,525911,1120670760
003850,보령제약,20200,20600,400,1.98,643434,13038695200
000890,보해양조,975,1000,25,2.56,11469723,11566056558
003000,부광약품,24500,23700,-800,-3.27,4321522,106523562950
001270,부국증권,22300,22550,250,1.12,9756,215954450
001275,부국증권우,19950,20200,250,1.25,3146,63218050
026940,부국철강,4475,4420,-55,-1.23,252565,1104073265
015350,부산가스,57000,57900,900,1.58,4360,247540900
011390,부산산업,128000,125000,-3000,-2.34,16722,2082885500
005030,부산주공,686,680,-6,-0.87,321551,217680942
002070,비비안,3370,3340,-30,-0.89,623855,2095204490
100220,비상교육,6560,6630,70,1.07,24444,161915520
030790,비케이탑스,13150,12950,-200,-1.52,135962,1754445100
352820,빅히트,213000,207500,-5500,-2.58,166537,34432349500
005180,빙그레,58200,57800,-400,-0.69,21323,1226773600
003960,사조대림,16700,16900,200,1.2,63486,1113380800
008040,사조동아원,1185,1205,20,1.69,7834716,9675892870
007160,사조산업,37550,46200,8650,23.04,121399,5278446550
014710,사조씨푸드,5150,5160,10,0.19,232961,1270994850
006090,사조오양,10250,10300,50,0.49,164473,1758332900
001470,삼부토건,4275,4325,50,1.17,6004257,25398472070
006400,삼성SDI,678000,671000,-7000,-1.03,430233,286291837000
006405,삼성SDI우,485500,486000,500,0.1,15293,7302705500
006660,삼성공조,8420,8470,50,0.59,19969,166908910
028260,삼성물산,122000,120000,-2000,-1.64,610854,73127821000
02826K,삼성물산우B,113000,113000,0,0.0,5558,624243500
207940,삼성바이오로직스,748000,719000,-29000,-3.88,140641,101313959000
032830,삼성생명,78300,80400,2100,2.68,1145550,91715779700
018260,삼성에스디에스,189000,187500,-1500,-0.79,153308,28559467000
028050,삼성엔지니어링,12950,12800,-150,-1.16,862157,11031146550
009150,삼성전기,194500,195000,500,0.26,510528,98810307000
009155,삼성전기우,116500,115000,-1500,-1.29,24385,2766607500
005930,삼성전자,82400,82100,-300,-0.36,20508971,1677602868700
005935,삼성전자우,73100,72200,-900,-1.23,2722120,196808997200
001360,삼성제약,6600,6610,10,0.15,2839826,18650398980
010140,삼성중공업,6540,6470,-70,-1.07,3416398,22001221580
010145,삼성중공우,285500,277000,-8500,-2.98,1665,447388500
016360,삼성증권,38350,37700,-650,-1.69,419248,15750372350
068290,삼성출판사,34150,41300,7150,20.94,12021099,487161557200
029780,삼성카드,32800,32600,-200,-0.61,107521,3488481700
000810,삼성화재,180500,183000,2500,1.39,232621,42612364000
000815,삼성화재우,138500,138500,0,0.0,20048,2786368000
006110,삼아알미늄,10300,10150,-150,-1.46,110822,1111942350
145990,삼양사,56800,56500,-300,-0.53,16693,935358100
145995,삼양사우,40900,40850,-50,-0.12,184,7526950
003230,삼양식품,89700,89000,-700,-0.78,14397,1272790300
002170,삼양통상,66200,66300,100,0.15,10745,706137900
272550,삼양패키징,23750,23750,0,0.0,132695,3157901850
000070,삼양홀딩스,90800,90800,0,0.0,24995,2267759900
000075,삼양홀딩스우,57500,57100,-400,-0.7,1992,115738100
002810,삼영무역,14600,14650,50,0.34,28207,410294300
005680,삼영전자,10550,10500,-50,-0.47,31276,324627000
003720,삼영화학,2860,2820,-40,-1.4,119906,335419185
023000,삼원강재,3715,3645,-70,-1.88,594549,2168399855
004380,삼익THK,13000,12750,-250,-1.92,45964,585243300
002450,삼익악기,1635,1630,-5,-0.31,2137735,3502201670
004440,삼일씨엔에스,13050,12700,-350,-2.68,61307,777999150
000520,삼일제약,20250,20250,0,0.0,27968,569041150
009770,삼정펄프,28900,28850,-50,-0.17,1825,52395750
005500,삼진제약,24350,24400,50,0.21,21779,526529650
004690,삼천리,82400,82300,-100,-0.12,2166,178435300
010960,삼호개발,4600,4530,-70,-1.52,73398,330299620
004450,삼화왕관,37650,37550,-100,-0.27,380,14249400
009470,삼화전기,21150,20900,-250,-1.18,57452,1189326150
011230,삼화전자,3640,3590,-50,-1.37,35831,127521280
001820,삼화콘덴서,68800,68200,-600,-0.87,90952,6129618900
000390,삼화페인트,11000,10850,-150,-1.36,123223,1320635100
001290,상상인증권,1120,1125,5,0.45,54160,60431690
041650,상신브레이크,4395,4540,145,3.3,962103,4348222140
075180,새론오토모티브,5850,5750,-100,-1.71,24671,141007030
007540,샘표,50000,50600,600,1.2,13968,704187950
248170,샘표식품,48100,47800,-300,-0.62,7413,352497950
007860,서연,13450,10900,-2550,-18.96,11775181,138848350150
200880,서연이화,9970,8420,-1550,-15.55,5519505,48420449180
017390,서울가스,94100,94000,-100,-0.11,1010,95373200
004410,서울식품,455,440,-15,-3.3,79255210,35368094345
004415,서울식품우,5190,5080,-110,-2.12,36459,185302440
021050,서원,2810,2815,5,0.18,1615477,4455975310
008490,서흥,50700,50700,0,0.0,27662,1383283850
007610,선도전기,3535,3535,0,0.0,345587,1213797815
136490,선진,16450,15950,-500,-3.04,294111,4658092700
002820,선창산업,4390,4370,-20,-0.46,17513,75649480
014910,성문전자,1985,1985,0,0.0,153425,302758390
014915,성문전자우,7990,7910,-80,-1.0,3510,27673600
003080,성보화학,4120,4130,10,0.24,9557,39365105
004980,성신양회,7900,7800,-100,-1.27,111023,858243160
004985,성신양회우,12700,12400,-300,-2.36,34872,433040650
011300,성안,820,630,-190,-23.17,71100588,47993988781
000180,성창기업지주,2390,2415,25,1.05,1311595,3183218270
002420,세기상사,61600,61600,0,0.0,0,0
004360,세방,14450,14200,-250,-1.73,216043,3071375400
004365,세방우,7250,7280,30,0.41,3922,28437820
004490,세방전지,85400,84400,-1000,-1.17,189553,15696752400
001430,세아베스틸,15500,16200,700,4.52,702178,11278528550
306200,세아제강,88800,86200,-2600,-2.93,10100,871537500
003030,세아제강지주,44650,44500,-150,-0.34,2547,112963750
019440,세아특수강,12500,12450,-50,-0.4,16258,200562950
058650,세아홀딩스,74600,75900,1300,1.74,1170,89001600
013000,세우글로벌,3825,3680,-145,-3.79,1372623,5082236040
091090,세원셀론텍,1995,1965,-30,-1.5,1683019,3297264545
021820,세원정공,8090,8090,0,0.0,0,0
067830,세이브존IC,3175,3135,-40,-1.26,62120,193799900
033530,세종공업,9580,9650,70,0.73,273243,2576866290
075580,세진중공업,4825,4900,75,1.55,582912,2761963390
027970,세하,1720,1750,30,1.74,351784,602292080
145210,세화아이엠씨,656,643,-13,-1.98,1326519,852997175
308170,센트랄모텍,30250,30850,600,1.98,217536,6536719250
012600,센트럴인사이트,7260,7730,470,6.47,618731,4621163800
068270,셀트리온,306500,301500,-5000,-1.63,469774,141899423000
336370,솔루스첨단소재,44100,43800,-300,-0.68,210433,9117992650
33637K,솔루스첨단소재1우,14950,14900,-50,-0.33,17319,253143500
33637L,솔루스첨단소재2우B,26900,26450,-450,-1.67,2674,69765900
248070,솔루엠,23000,23500,500,2.17,1117716,26152688250
004430,송원산업,17900,17500,-400,-2.23,482280,8370354400
017550,수산중공업,3805,3645,-160,-4.2,2418582,8824431850
053210,스카이라이프,8370,8340,-30,-0.36,47327,393300790
134790,시디즈,61500,60900,-600,-0.98,2289,139093300
016590,신대양제지,64900,64800,-100,-0.15,13698,882469700
029530,신도리코,29500,29650,150,0.51,15185,446123750
004970,신라교역,9900,9960,60,0.61,19894,195867130
011930,신성이엔지,3130,3120,-10,-0.32,2604694,8000002635
005390,신성통상,1570,1540,-30,-1.91,712401,1103439610
004170,신세계,292000,294500,2500,0.86,164541,48091885500
035510,신세계IC,139000,138000,-1000,-0.72,6677,908851500
034300,신세계건설,44500,43550,-950,-2.13,46731,2043813450
031430,신세계인터내셔날,202500,204000,1500,0.74,80479,16296600000
031440,신세계푸드,69000,69100,100,0.14,12179,833487800
006880,신송홀딩스,4315,4200,-115,-2.67,39412,165974365
005800,신영와코루,92000,92200,200,0.22,1461,133791900
001720,신영증권,56000,56500,500,0.89,29142,1634430000
001725,신영증권우,56400,56500,100,0.18,2831,159097300
009270,신원,1440,1450,10,0.69,333438,476843300
009275,신원우,33250,33350,100,0.3,92,3050950
002700,신일전자,2195,2220,25,1.14,1253550,2749901910
019170,신풍제약,90000,94400,4400,4.89,2573876,239246522300
019175,신풍제약우,89500,93700,4200,4.69,49042,4566953900
002870,신풍제지,2910,2930,20,0.69,897103,2633436830
293940,신한알파리츠,7220,7290,70,0.97,95690,693645280
055550,신한지주,34050,34000,-50,-0.15,4464423,153122154300
001770,신화실업,23200,22100,-1100,-4.74,18847,418121650
004080,신흥,12500,12400,-100,-0.8,7210,89152500
102280,쌍방울,628,625,-3,-0.48,2156415,1341233940
003410,쌍용양회,6830,6820,-10,-0.15,1483012,10045328880
003620,쌍용차,2770,2770,0,0.0,0,0
004770,써니전자,4665,4630,-35,-0.75,856010,3919981580
015540,쎌마테라퓨틱스,7390,7430,40,0.54,195337,1422630060
004920,씨아이테크,932,929,-3,-0.32,155596,144185859
112610,씨에스윈드,66600,64700,-1900,-2.85,1379008,88141981600
008700,아남전자,3120,3185,65,2.08,2538361,8088095540
002790,아모레G,65100,65000,-100,-0.15,1523463,95317589550
00279K,아모레G3우전환,40850,41350,500,1.22,5320,219039050
002795,아모레G우,21700,21550,-150,-0.69,42549,915113000
090430,아모레퍼시픽,245000,237000,-8000,-3.27,270513,64860843000
090435,아모레퍼시픽우,79900,79700,-200,-0.25,45123,3586315300
002030,아세아,91700,92100,400,0.44,3944,359781500
183190,아세아시멘트,86500,83600,-2900,-3.35,20327,1703480800
002310,아세아제지,43300,44200,900,2.08,83115,3702518100
267850,아시아나IDT,20500,20400,-100,-0.49,20772,420540800
020560,아시아나항공,14750,14700,-50,-0.34,387891,5664840950
122900,아이마켓코리아,8710,8690,-20,-0.23,46638,403174130
010780,아이에스동서,54700,54000,-700,-1.28,66868,3581615000
001780,알루코,4745,4665,-80,-1.69,550141,2551609055
018250,애경산업,25950,25600,-350,-1.35,70861,1806858200
161000,애경유화,10750,10550,-200,-1.86,482858,5026195100
011090,에넥스,1970,1930,-40,-2.03,1336302,2613078770
005850,에스엘,23650,23250,-400,-1.69,157512,3634771700
012750,에스원,83100,82600,-500,-0.6,39056,3217696700
023960,에쓰씨엔지니어링,5690,5710,20,0.35,743792,4251004280
298690,에어부산,3655,3610,-45,-1.23,477112,1711955305
140910,에이리츠,6870,6880,10,0.15,6487,44620320
078520,에이블씨엔씨,8140,8000,-140,-1.72,93874,751124230
015260,에이엔피,1385,1330,-55,-3.97,231340,308113315
007460,에이프로젠KIC,1860,1840,-20,-1.08,1572748,2885531910
003060,에이프로젠제약,1105,1090,-15,-1.36,1226335,1334492120
244920,에이플러스에셋,6240,6260,20,0.32,310871,1967041010
036570,엔씨소프트,960000,931000,-29000,-3.02,127784,119078869650
138250,엔에스쇼핑,10600,10700,100,0.94,195248,2015768650
085310,엔케이,1370,1335,-35,-2.55,489459,649151765
009810,엔케이물산,562,554,-8,-1.42,860930,476863816
900140,엘브이엠씨홀딩스,4250,4210,-40,-0.94,718465,2986740245
014440,영보화학,4000,3970,-30,-0.75,37381,146790975
111770,영원무역,42950,42900,-50,-0.12,154154,6528527250
009970,영원무역홀딩스,41650,41550,-100,-0.24,17185,711546150
003520,영진약품,6300,6350,50,0.79,594257,3733500380
000670,영풍,626000,624000,-2000,-0.32,2482,1529892000
006740,영풍제지,7690,7690,0,0.0,1792280,14014255730
012280,영화금속,2215,2070,-145,-6.55,5538534,11538240995
012160,영흥,1140,1120,-20,-1.75,642704,716355525
015360,예스코홀딩스,34250,34200,-50,-0.15,403,13785750
007310,오뚜기,580000,578000,-2000,-0.34,4066,2334189000
002630,오리엔트바이오,1925,1835,-90,-4.68,2411118,4480762730
271560,오리온,132000,129000,-3000,-2.27,94301,12240993500
001800,오리온홀딩스,14000,13950,-50,-0.36,143101,1986383750
070960,용평리조트,4920,4930,10,0.2,656845,3243131560
316140,우리금융지주,9700,9610,-90,-0.93,2326215,22475798670
033660,우리금융캐피탈,10400,10350,-50,-0.48,45251,465080150
004720,우리들제약,8980,8950,-30,-0.33,105718,934296270
118000,우리들휴브레인,2365,2300,-65,-2.75,544012,1245893400
010050,우리종금,656,660,4,0.61,7000357,4612733657
006980,우성사료,3260,3270,10,0.31,251377,813732985
017370,우신시스템,5100,5030,-70,-1.37,113959,560380110
105840,우진,4060,4200,140,3.45,280081,1166777790
010400,우진아이엔에스,7550,7500,-50,-0.66,10823,81186090
049800,우진플라임,6000,6090,90,1.5,22859,137529360
016880,웅진,1250,1370,120,9.6,14586867,19403396540
095720,웅진씽크빅,2635,2715,80,3.04,3185188,8666463320
005820,원림,21100,22250,1150,5.45,13521,295162100
010600,웰바이오텍,2915,2975,60,2.06,1359863,4013914110
008600,윌비스,1630,1600,-30,-1.84,1075839,1722758535
033270,유나이티드제약,55300,55300,0,0.0,282925,15615587800
014830,유니드,63400,63000,-400,-0.63,16165,1003119900
000910,유니온,8650,8700,50,0.58,6485517,57397721120
047400,유니온머티리얼,4230,4195,-35,-0.83,3498451,14887378275
011330,유니켐,1480,1490,10,0.68,578594,848108410
077500,유니퀘스트,10850,10800,-50,-0.46,328178,3447039700
002920,유성기업,3125,3100,-25,-0.8,265614,810320880
000700,유수홀딩스,5700,5610,-90,-1.58,83759,480365630
003470,유안타증권,3070,3035,-35,-1.14,241959,729912615
003475,유안타증권우,2455,2425,-30,-1.22,18922,45632130
011690,유양디앤유,1220,1220,0,0.0,0,0
072130,유엔젤,4090,4100,10,0.24,85067,346860165
000220,유유제약,12650,12400,-250,-1.98,33195,414766500
000225,유유제약1우,11050,10800,-250,-2.26,3407,36689250
000227,유유제약2우B,27950,28450,500,1.79,68,1909200
001200,유진투자증권,3910,3845,-65,-1.66,355340,1353409035
000100,유한양행,60700,60700,0,0.0,279661,16820945500
000105,유한양행우,59500,59100,-400,-0.67,4103,241196900
003460,유화증권,2290,2260,-30,-1.31,20812,47136705
003465,유화증권우,2400,2355,-45,-1.88,51026,120164210
008730,율촌화학,22850,23200,350,1.53,39118,886998500
008250,이건산업,8910,8780,-130,-1.46,97120,841830430
025820,이구산업,3350,3350,0,0.0,1470147,4744291190
214320,이노션,60300,60400,100,0.17,65814,3923394000
088260,이리츠코크렙,5230,5290,60,1.15,75925,401756760
139480,이마트,182000,177000,-5000,-2.75,272256,48364390500
007660,이수페타시스,3405,3390,-15,-0.44,127207,428480090
005950,이수화학,12300,12200,-100,-0.81,262254,3172791850
015020,이스타코,1330,1280,-50,-3.76,5514987,7180379680
093230,이아이디,415,415,0,0.0,113541286,47269864098
074610,이엔플러스,3995,4095,100,2.5,714402,2926598465
102460,이연제약,17500,17100,-400,-2.29,60980,1043096900
084680,이월드,3735,3730,-5,-0.13,1042321,3825763240
350520,이지스레지던스리츠,4760,4750,-10,-0.21,63651,302119170
334890,이지스밸류리츠,4750,4715,-35,-0.74,40491,191208845
000760,이화산업,16400,16400,0,0.0,2033,32877800
014990,인디에프,1315,1305,-10,-0.76,216582,276657860
101140,인바이오젠,3310,3240,-70,-2.11,392382,1267263085
006490,인스코비,2870,2785,-85,-2.96,1576851,4357518580
023800,인지컨트롤스,18600,18000,-600,-3.23,169977,3064220050
034590,인천도시가스,25100,25000,-100,-0.4,1870,46786750
129260,인터지스,4395,4435,40,0.91,1180606,5206513270
023810,인팩,7430,7340,-90,-1.21,49033,353193180
249420,일동제약,16850,16850,0,0.0,175891,2922633550
000230,일동홀딩스,14800,14300,-500,-3.38,86505,1226148950
013360,일성건설,1260,1250,-10,-0.79,152734,189948885
003120,일성신약,80100,80600,500,0.62,2329,185703500
003200,일신방직,89000,88500,-500,-0.56,4136,365683700
007110,일신석재,1890,1880,-10,-0.53,276421,518513775
007570,일양약품,35000,34600,-400,-1.14,1471418,51244508050
007575,일양약품우,42300,36950,-5350,-12.65,89594,3342562500
008500,일정실업,14450,14500,50,0.35,3254,47144800
081000,일진다이아,45200,43950,-1250,-2.77,107696,4716230350
020760,일진디스플,4445,4435,-10,-0.22,430226,1868677740
020150,일진머티리얼즈,67000,67300,300,0.45,516223,33857617800
103590,일진전기,3765,3735,-30,-0.8,251497,929373005
015860,일진홀딩스,5080,5060,-20,-0.39,152491,763421080
226320,잇츠한불,28900,28400,-500,-1.73,73789,2085442950
317400,자이에스앤디,10950,10850,-100,-0.91,65672,706272550
033240,자화전자,15750,15400,-350,-2.22,302886,4603812400
000950,전방,32850,33950,1100,3.35,6301,207990700
348950,제이알글로벌리츠,5190,5190,0,0.0,116597,603710920
194370,제이에스코퍼레이션,12000,11900,-100,-0.83,127519,1526132050
025620,제이준코스메틱,2220,2210,-10,-0.45,105553,232176850
036420,제이콘텐트리,49600,49500,-100,-0.2,194915,9592966000
030000,제일기획,19550,19400,-150,-0.77,327600,6340497150
271980,제일약품,42650,41750,-900,-2.11,118353,4981277650
001560,제일연마,7270,7390,120,1.65,6533,47459610
002620,제일파마홀딩스,18200,18000,-200,-1.1,13677,246660150
006220,제주은행,9010,8850,-160,-1.78,21042475,200960624830
089590,제주항공,23900,24100,200,0.84,358295,8565558150
004910,조광페인트,6450,6320,-130,-2.02,25802,162208840
004700,조광피혁,55100,54600,-500,-0.91,1658,90483100
001550,조비,20600,20550,-50,-0.24,29320,595503700
000480,조선내화,79300,79000,-300,-0.38,897,70847800
120030,조선선재,114500,114500,0,0.0,7222,826852000
018470,조일알미늄,608,608,0,0.0,276524,166705209
002600,조흥,174000,172500,-1500,-0.86,24,4125000
185750,종근당,186000,189000,3000,1.61,241230,44812678000
063160,종근당바이오,69700,73800,4100,5.88,301021,21569030700
001630,종근당홀딩스,106500,107000,500,0.47,27969,2942262500
044380,주연테크,1030,1065,35,3.4,1994077,2120190700
013890,지누스,92600,92000,-600,-0.65,64768,5945041700
013870,지엠비코리아,7910,7860,-50,-0.63,116306,904247810
071320,지역난방공사,37550,37550,0,0.0,3678,137126900
010580,지코,306,306,0,0.0,0,0
035000,지투알,5410,5310,-100,-1.85,91680,487678500
088790,진도,4900,4430,-470,-9.59,1859934,8386351425
003780,진양산업,4365,4385,20,0.46,798915,3438738970
010640,진양폴리,3305,3300,-5,-0.15,90525,295694695
100250,진양홀딩스,2755,2745,-10,-0.36,61660,168960715
051630,진양화학,3970,3980,10,0.25,486535,1929080350
272450,진에어,21850,21950,100,0.46,568586,12574631400
011000,진원생명과학,14400,13800,-600,-4.17,598264,8256352400
002780,진흥기업,2705,2715,10,0.37,194579,523450510
002787,진흥기업2우B,11400,11500,100,0.88,193,2208450
002785,진흥기업우B,4930,4965,35,0.71,2427,12050935
009310,참엔지니어링,1545,1550,5,0.32,483018,747084400
000650,천일고속,64400,64900,500,0.78,371,23926700
033250,체시스,1595,1560,-35,-2.19,315017,492851645
035720,카카오,482000,471000,-11000,-2.28,712633,333216680500
006380,카프로,4010,4120,110,2.74,425417,1735072620
109070,컨버즈,4100,4100,0,0.0,0,0
001620,케이비아이동국실업,825,801,-24,-2.91,192814,154494912
029460,케이씨,28000,27100,-900,-3.21,109905,2967638350
344820,케이씨씨글라스,45700,44450,-1250,-2.74,147161,6496176900
281820,케이씨텍,25200,25400,200,0.79,97431,2407651050
145270,케이탑리츠,1335,1310,-25,-1.87,721215,947211640
357120,코람코에너지리츠,4800,4795,-5,-0.1,80644,386490010
007815,코리아써우,6180,6230,50,0.81,1111,6735810
007810,코리아써키트,13200,12950,-250,-1.89,343216,4364253450
00781K,코리아써키트2우B,6460,6170,-290,-4.49,1859,11501310
003690,코리안리,8250,8320,70,0.85,693350,5772778300
192820,코스맥스,116500,117000,500,0.43,150420,17354075500
044820,코스맥스비티아이,16250,16750,500,3.08,43789,720407850
005070,코스모신소재,18700,18750,50,0.27,666540,12196323350
005420,코스모화학,11800,11450,-350,-2.97,483956,5482563750
071950,코아스,1150,1140,-10,-0.87,97045,110332560
002020,코오롱,22200,21900,-300,-1.35,56107,1219574200
003070,코오롱글로벌,18950,19500,550,2.9,68714,1318847300
003075,코오롱글로벌우,24500,24300,-200,-0.82,615,14880200
144620,코오롱머티리얼,3350,3300,-50,-1.49,116545,380546780
002025,코오롱우,13600,13600,0,0.0,5632,75817650
120110,코오롱인더,54700,54500,-200,-0.37,460436,24684712200
120115,코오롱인더우,25600,25650,50,0.2,15843,400143800
138490,코오롱플라스틱,5760,5690,-70,-1.22,163700,921532630
021240,코웨이,65300,64600,-700,-1.07,268508,17357082400
031820,콤텍시스템,1495,1480,-15,-1.0,641736,944540115
192400,쿠쿠홀딩스,133000,135000,2000,1.5,5221,689451000
284740,쿠쿠홈시스,40450,40050,-400,-0.99,43364,1731238600
015590,큐로,625,604,-21,-3.36,4423772,2662320829
264900,크라운제과,9900,9880,-20,-0.2,26207,257663360
26490K,크라운제과우,10100,10200,100,0.99,16715,169241010
005740,크라운해태홀딩스,9260,9180,-80,-0.86,9868,90318270
005745,크라운해태홀딩스우,12700,12500,-200,-1.57,5421,67481750
020120,키다리스튜디오,11950,11700,-250,-2.09,84795,983668250
039490,키움증권,125000,123500,-1500,-1.2,268312,32424605500
012170,키위미디어그룹,1105,1105,0,0.0,0,0
014580,태경비케이,4415,4300,-115,-2.6,187555,810394185
015890,태경산업,5680,5630,-50,-0.88,13844,78253310
006890,태경케미컬,12850,12550,-300,-2.33,97136,1208178750
003240,태광산업,901000,882000,-19000,-2.11,2476,2187133000
011280,태림포장,4940,4930,-10,-0.2,254948,1256554985
004100,태양금속,1445,1290,-155,-10.73,2472102,3291149225
004105,태양금속우,2940,2805,-135,-4.59,31174,87895735
009410,태영건설,12150,11950,-200,-1.65,100552,1197291650
009415,태영건설우,11050,11050,0,0.0,8158,88786000
001420,태원물산,4045,4155,110,2.72,11748,47846450
007980,태평양물산,1940,1910,-30,-1.55,267201,509417360
055490,테이팩스,41200,41100,-100,-0.24,149952,6229715600
078000,텔코웨어,11300,11400,100,0.88,12137,137107050
214420,토니모리,8350,8270,-80,-0.96,30235,248814430
019180,티에이치엔,3415,3350,-65,-1.9,136813,452599860
363280,티와이홀딩스,24450,24400,-50,-0.2,95398,2297554400
36328K,티와이홀딩스우,22300,22000,-300,-1.35,8338,182371000
091810,티웨이항공,2800,2780,-20,-0.71,656837,1803661215
004870,티웨이홀딩스,1605,1620,15,0.93,627966,1010595390
005690,파미셀,16100,16650,550,3.42,2017022,33565445800
036580,팜스코,7210,7130,-80,-1.11,179387,1269582090
028670,팬오션,5870,6430,560,9.54,82365221,545971223130
010820,퍼스텍,2415,2470,55,2.28,733161,1796128290
016800,퍼시스,29900,29900,0,0.0,499,14878850
001020,페이퍼코리아,2340,2345,5,0.21,92918,215648035
090080,평화산업,1125,1125,0,0.0,137065,151614765
010770,평화홀딩스,3875,3815,-60,-1.55,24267,91976595
058430,포스코강판,30600,29500,-1100,-3.59,1761578,53044189050
047050,포스코인터내셔널,21500,20900,-600,-2.79,2377452,49825888300
003670,포스코케미칼,159000,161000,2000,1.26,655354,103932970000
007630,폴루스바이오팜,1225,1225,0,0.0,0,0
017810,풀무원,17200,17000,-200,-1.16,61627,1042578900
103140,풍산,34700,34550,-150,-0.43,530257,17870162150
005810,풍산홀딩스,24200,23900,-300,-1.24,45182,1071174050
950210,프레스티지바이오파마,33050,31250,-1800,-5.45,2016202,63088633400
033180,필룩스,4220,4180,-40,-0.95,2790501,11787788720
086790,하나금융지주,38700,38550,-150,-0.39,2917481,113827181025
293480,하나제약,23300,23350,50,0.21,39386,912211250
039130,하나투어,67900,67500,-400,-0.59,137074,9173302000
172580,하이골드12호,2000,2010,10,0.5,32806,65794050
153360,하이골드3호,1195,1195,0,0.0,65370,77790780
071090,하이스틸,26050,24550,-1500,-5.76,161733,4011501950
019490,하이트론,7100,7170,70,0.99,372908,2673178520
000080,하이트진로,36400,36700,300,0.82,1299374,47229084000
000087,하이트진로2우B,20200,20100,-100,-0.5,2236,44748400
000140,하이트진로홀딩스,15650,15700,50,0.32,20067,312326000
000145,하이트진로홀딩스우,14300,14350,50,0.35,851,12203350
152550,한국ANKOR유전,1650,1645,-5,-0.3,42197,69630030
036460,한국가스공사,33400,33400,0,0.0,495105,16658546700
005430,한국공항,39600,39200,-400,-1.01,6353,245937400
071050,한국금융지주,88200,86300,-1900,-2.15,358492,30915531960
071055,한국금융지주우,62000,61400,-600,-0.97,15553,954049600
010040,한국내화,3785,3780,-5,-0.13,155824,585021845
025540,한국단자,77400,75600,-1800,-2.33,59271,4478215000
004090,한국석유,172000,169000,-3000,-1.74,101442,18243674000
002200,한국수출포장,21800,21550,-250,-1.15,11466,247521750
002960,한국쉘석유,247500,247500,0,0.0,4676,1160641000
000240,한국앤컴퍼니,17300,17000,-300,-1.73,350644,5903534800
123890,한국자산신탁,4010,3980,-30,-0.75,352881,1412223235
015760,한국전력,23350,23000,-350,-1.5,1837875,42265273200
006200,한국전자홀딩스,1170,1190,20,1.71,1923109,2275416705
009540,한국조선해양,108000,107000,-1000,-0.93,416624,44237039000
023350,한국종합기술,7650,7670,20,0.26,216236,1634634870
025890,한국주강,1750,1780,30,1.71,4279606,8544462950
000970,한국주철관,8700,8700,0,0.0,72705,628619580
104700,한국철강,8100,8130,30,0.37,94613,767547810
017960,한국카본,11450,11100,-350,-3.06,781280,8676572450
161890,한국콜마,58600,58900,300,0.51,255896,14919961900
024720,한국콜마홀딩스,28200,28100,-100,-0.35,50683,1405605700
161390,한국타이어앤테크놀로지,48000,46400,-1600,-3.33,574812,26592391500
034830,한국토지신탁,2065,2035,-30,-1.45,881451,1795761655
007280,한국특수형강,1870,1830,-40,-2.14,178461,324887250
168490,한국패러랠,1925,1930,5,0.26,14771,28456435
010100,한국프랜지,2990,2935,-55,-1.84,193377,561348555
047810,한국항공우주,34100,33350,-750,-2.2,901876,29749817600
123690,한국화장품,12300,12300,0,0.0,69141,853013750
003350,한국화장품제조,37000,36900,-100,-0.27,10109,369076300
011500,한농화성,17550,16750,-800,-4.56,960977,16021114550
002390,한독,27250,27100,-150,-0.55,62127,1668991250
014790,한라,4685,4610,-75,-1.6,175845,805574835
060980,한라홀딩스,41650,41050,-600,-1.44,50960,2073922450
053690,한미글로벌,9770,9740,-30,-0.31,69389,666995740
042700,한미반도체,22650,22250,-400,-1.77,922524,20595042350
008930,한미사이언스,60400,59000,-1400,-2.32,132857,7810656400
128940,한미약품,318500,312000,-6500,-2.04,51084,15970464000
009240,한샘,101500,101000,-500,-0.49,44974,4523358000
020000,한섬,38900,38000,-900,-2.31,116292,4394220750
003680,한성기업,7790,7730,-60,-0.77,30218,231905910
105630,한세실업,21150,21600,450,2.13,625914,13111620300
069640,한세엠케이,3355,3400,45,1.34,17919,60057165
016450,한세예스24홀딩스,7490,7520,30,0.4,43774,325323190
010420,한솔PNS,2000,1975,-25,-1.25,666873,1311086205
009180,한솔로지스틱스,3190,3245,55,1.72,3045070,9929783260
213500,한솔제지,13500,13350,-150,-1.11,97916,1305054500
014680,한솔케미칼,234000,234500,500,0.21,74059,17215081000
004710,한솔테크닉스,10400,10300,-100,-0.96,306212,3126438550
004150,한솔홀딩스,3555,3555,0,0.0,129125,454331165
025750,한솔홈데코,1935,1925,-10,-0.52,861712,1643148885
004960,한신공영,18200,17800,-400,-2.2,51882,915497300
011700,한신기계,1780,1785,5,0.28,207838,367101290
001750,한양증권,10300,10250,-50,-0.49,21098,213882150
001755,한양증권우,15350,15050,-300,-1.95,1075,16150300
018880,한온시스템,16950,17250,300,1.77,3145066,53102659950
009420,한올바이오파마,22250,22100,-150,-0.67,299846,6515070350
014130,한익스프레스,6140,6050,-90,-1.47,179348,1077937100
300720,한일시멘트,117500,116500,-1000,-0.85,3253,376297000
002220,한일철강,2185,2135,-50,-2.29,86198,184060575
006390,한일현대시멘트,37900,37500,-400,-1.06,39091,1444899450
003300,한일홀딩스,10850,10850,0,0.0,51198,545945150
051600,한전KPS,27750,27800,50,0.18,194660,5395726250
052690,한전기술,19100,19750,650,3.4,990352,19487249300
130660,한전산업,4650,4570,-80,-1.72,141642,645681760
002320,한진,42900,42650,-250,-0.58,63706,2683933250
097230,한진중공업,7050,7000,-50,-0.71,67337,468961580
003480,한진중공업홀딩스,3755,3845,90,2.4,73521,277204480
180640,한진칼,60000,58500,-1500,-2.5,78206,4593648900
18064K,한진칼우,39450,39200,-250,-0.63,3933,153554250
005110,한창,1240,1225,-15,-1.21,964047,1162565615
009460,한창제지,2255,2395,140,6.21,5142641,12261399270
000880,한화,29250,28650,-600,-2.05,405180,11560717150
00088K,한화3우B,13800,13700,-100,-0.72,34689,474526900
088350,한화생명,3130,3265,135,4.31,22716787,73946105870
000370,한화손해보험,3890,3930,40,1.03,1800246,7097524640
009830,한화솔루션,44700,43950,-750,-1.68,1321372,57724668650
009835,한화솔루션우,52200,52000,-200,-0.38,7188,367339300
272210,한화시스템,19050,19200,150,0.79,1646893,30802715700
012450,한화에어로스페이스,37750,37000,-750,-1.99,469599,17221803700
000885,한화우,38200,38100,-100,-0.26,865,32863950
003530,한화투자증권,2750,2710,-40,-1.45,1458403,3910791705
003535,한화투자증권우,4000,3925,-75,-1.88,167269,652435695
195870,해성디에스,33300,31850,-1450,-4.35,400566,12710868650
101530,해태제과식품,8270,8270,0,0.0,27012,222203560
143210,핸즈코퍼레이션,6800,6820,20,0.29,63955,428309120
000720,현대건설,39900,39050,-850,-2.13,507152,19766121850
267270,현대건설기계,36200,35250,-950,-2.62,156429,5523753150
000725,현대건설우,162500,162000,-500,-0.31,334,53886500
005440,현대그린푸드,9400,9460,60,0.64,1034485,9739115290
086280,현대글로비스,194000,193500,-500,-0.26,198569,38190527500
064350,현대로템,20050,19950,-100,-0.5,743593,14762573200
079430,현대리바트,16450,16400,-50,-0.3,85764,1396931550
012330,현대모비스,310500,305000,-5500,-1.77,425644,129449647000
010620,현대미포조선,53200,52200,-1000,-1.88,251278,13091879800
069960,현대백화점,88000,89500,1500,1.7,593463,52640764000
004560,현대비앤지스틸,20200,20350,150,0.74,698349,13865139050
004565,현대비앤지스틸우,91000,89300,-1700,-1.87,5384,473663300
011760,현대상사,17750,18850,1100,6.2,471283,8745934600
004310,현대약품,8580,8230,-350,-4.08,1556919,12918559830
322000,현대에너지솔루션,32500,31800,-700,-2.15,84256,2659794550
017800,현대엘리베이,43100,43050,-50,-0.12,193103,8220365950
307950,현대오토에버,126500,122500,-4000,-3.16,104564,12818944000
011210,현대위아,83200,82800,-400,-0.48,390001,31716974600
267260,현대일렉트릭,18600,19200,600,3.23,687437,13050429350
004020,현대제철,42950,43250,300,0.7,1581620,67956051200
267250,현대중공업지주,271500,267000,-4500,-1.66,39183,10449066500
005380,현대차,235000,235000,0,0.0,1153198,268136211000
005387,현대차2우B,102000,101000,-1000,-0.98,118807,11905847300
005389,현대차3우B,99200,98700,-500,-0.5,20085,1959318500
005385,현대차우,106000,104000,-2000,-1.89,91480,9448654000
001500,현대차증권,12450,12200,-250,-2.01,128757,1555670650
227840,현대코퍼레이션홀딩스,12350,12350,0,0.0,43774,536450550
126560,현대퓨처넷,3800,4940,1140,30.0,36709897,169539954605
001450,현대해상,22600,23150,550,2.43,1018061,23373590700
057050,현대홈쇼핑,77900,76900,-1000,-1.28,44318,3402037700
093240,형지엘리트,4025,3980,-45,-1.12,780966,3155711925
003010,혜인,6060,5930,-130,-2.15,454404,2680246930
111110,호전실업,10900,11000,100,0.92,65954,714373450
008770,호텔신라,84600,83600,-1000,-1.18,410485,34308129300
008775,호텔신라우,83700,83000,-700,-0.84,8784,729573500
002460,화성산업,11350,11350,0,0.0,27454,309403350
013520,화승알앤에이,3650,3650,0,0.0,0,0
241590,화승엔터프라이즈,16050,16350,300,1.87,372435,5903312650
006060,화승인더,8070,8090,20,0.25,510468,4074768600
010690,화신,5190,5310,120,2.31,2183108,11710754700
133820,화인베스틸,2390,2380,-10,-0.42,112741,265319630
010660,화천기계,2560,2500,-60,-2.34,378224,966477175
000850,화천기공,31800,31800,0,0.0,4610,145403500
016580,환인제약,19200,19400,200,1.04,113075,2157255500
032560,황금에스티,9210,9430,220,2.39,670766,6209485390
004800,효성,83100,81500,-1600,-1.93,76335,6195861100
094280,효성ITX,19300,18800,-500,-2.59,43900,827032900
298040,효성중공업,76400,75600,-800,-1.05,95115,7102948800
298050,효성첨단소재,326000,322000,-4000,-1.23,243581,77227335000
298020,효성티앤씨,435500,438000,2500,0.57,55750,23970679500
298000,효성화학,232000,234500,2500,1.08,37098,8653067000
093370,후성,10050,9780,-270,-2.69,1233233,11984852960
081660,휠라홀딩스,42250,42100,-150,-0.36,425093,17896233800
005870,휴니드,6530,6470,-60,-0.92,64396,414287190
079980,휴비스,8070,7950,-120,-1.49,195954,1552741710
005010,휴스틸,9500,9390,-110,-1.16,58272,540824750
069260,휴켐스,23200,22950,-250,-1.08,127226,2912012550
000540,흥국화재,3880,4000,120,3.09,1958599,8169371145
000547,흥국화재2우B,19600,19600,0,0.0,310,6096950
000545,흥국화재우,7100,7090,-10,-0.14,4980,35626500
003280,흥아해운,258,258,0,0.0,0,0
